#time,accel_x,accel_y,accel_z
334.290400,133.998066,76.570323,9915.856854
334.293238,114.855485,114.855485,9762.716208
334.296076,76.570323,172.283227,9839.286531
334.298914,57.427742,191.425808,9954.142016
334.301752,19.142581,248.853550,9781.858789
334.304590,76.570323,191.425808,9839.286531
334.307428,76.570323,210.568389,9820.143950
334.310266,57.427742,153.140646,9743.573627
334.313103,76.570323,172.283227,9820.143950
334.315941,95.712904,172.283227,9762.716208
334.318779,76.570323,114.855485,9762.716208
334.321617,153.140646,229.710970,9801.001370
334.324455,76.570323,172.283227,9762.716208
334.327293,19.142581,172.283227,9896.714274
334.330131,76.570323,172.283227,9877.571693
334.332969,95.712904,191.425808,9934.999435
334.335807,153.140646,114.855485,9896.714274
334.338645,76.570323,191.425808,9896.714274
334.341483,57.427742,287.138712,9896.714274
334.344321,114.855485,172.283227,9896.714274
334.347159,76.570323,133.998066,9915.856854
334.349997,57.427742,248.853550,9992.427178
334.352834,76.570323,114.855485,9877.571693
334.355672,76.570323,229.710970,9877.571693
334.358510,57.427742,287.138712,9839.286531
334.361348,95.712904,114.855485,9762.716208
334.364186,133.998066,153.140646,9801.001370
334.367024,19.142581,133.998066,9781.858789
334.369862,76.570323,210.568389,9839.286531
334.372700,38.285162,191.425808,9801.001370
334.375538,114.855485,114.855485,9858.429112
334.378376,95.712904,95.712904,9896.714274
334.381214,57.427742,172.283227,9934.999435
334.384052,19.142581,191.425808,9839.286531
334.386890,76.570323,114.855485,9820.143950
334.389728,76.570323,153.140646,9877.571693
334.392565,76.570323,153.140646,9896.714274
334.395403,19.142581,133.998066,9896.714274
334.398241,19.142581,191.425808,9839.286531
334.401079,172.283227,153.140646,9858.429112
334.403871,114.855485,76.570323,9915.856854
334.406662,133.998066,114.855485,9801.001370
334.409453,114.855485,229.710970,9858.429112
334.412245,57.427742,191.425808,9877.571693
334.415036,76.570323,114.855485,9858.429112
334.417827,76.570323,210.568389,9877.571693
334.420619,38.285162,210.568389,9915.856854
334.423410,19.142581,133.998066,9858.429112
334.426201,76.570323,76.570323,9896.714274
334.428993,19.142581,191.425808,9801.001370
334.431784,76.570323,133.998066,9801.001370
334.434576,95.712904,172.283227,9762.716208
334.437367,57.427742,76.570323,9820.143950
334.440158,57.427742,95.712904,9781.858789
334.442950,19.142581,76.570323,9858.429112
334.445741,95.712904,95.712904,9801.001370
334.448532,19.142581,153.140646,9781.858789
334.451324,172.283227,287.138712,9781.858789
334.454115,114.855485,229.710970,9877.571693
334.456906,57.427742,133.998066,9877.571693
334.459698,114.855485,95.712904,9896.714274
334.462489,57.427742,76.570323,9877.571693
334.465280,133.998066,229.710970,9877.571693
334.468072,76.570323,267.996131,9954.142016
334.470863,38.285162,267.996131,9877.571693
334.473655,-0.000000,76.570323,9877.571693
334.476446,19.142581,95.712904,9877.571693
334.479237,57.427742,229.710970,9934.999435
334.482029,172.283227,267.996131,9820.143950
334.484820,19.142581,306.281293,9628.718142
334.487611,114.855485,210.568389,9877.571693
334.490403,95.712904,57.427742,9781.858789
334.493194,57.427742,95.712904,9858.429112
334.495985,95.712904,191.425808,9934.999435
334.498777,-19.142581,210.568389,9705.288466
334.501568,38.285162,267.996131,9839.286531
334.504359,19.142581,95.712904,9934.999435
334.507151,76.570323,76.570323,9915.856854
334.509942,76.570323,229.710970,9839.286531
334.512734,76.570323,229.710970,9820.143950
334.515475,57.427742,267.996131,9934.999435
334.518216,133.998066,133.998066,9839.286531
334.520958,38.285162,114.855485,9973.284597
334.523699,57.427742,153.140646,9973.284597
334.526441,114.855485,210.568389,9820.143950
334.529182,76.570323,382.851616,9915.856854
334.531924,19.142581,267.996131,9839.286531
334.534665,19.142581,191.425808,9839.286531
334.537407,57.427742,153.140646,9934.999435
334.540148,38.285162,114.855485,9724.431046
334.542890,133.998066,172.283227,9858.429112
334.545631,-57.427742,133.998066,9781.858789
334.548372,133.998066,191.425808,9877.571693
334.551114,-19.142581,172.283227,9896.714274
334.553855,19.142581,95.712904,9705.288466
334.556597,95.712904,133.998066,9954.142016
334.559338,19.142581,153.140646,9762.716208
334.562080,76.570323,172.283227,9743.573627
334.564821,76.570323,172.283227,9820.143950
334.567563,19.142581,133.998066,9781.858789
334.570304,57.427742,172.283227,9934.999435
334.573046,38.285162,76.570323,9820.143950
334.575787,76.570323,363.709035,9915.856854
334.578529,38.285162,248.853550,9877.571693
334.581270,95.712904,172.283227,9839.286531
334.584011,153.140646,153.140646,9973.284597
334.586753,57.427742,95.712904,9839.286531
334.589494,76.570323,172.283227,9877.571693
334.592236,76.570323,210.568389,9762.716208
334.594977,38.285162,153.140646,9762.716208
334.597719,95.712904,191.425808,9954.142016
334.600460,-19.142581,153.140646,9801.001370
334.603202,172.283227,114.855485,9858.429112
334.605943,76.570323,114.855485,9820.143950
334.608685,38.285162,114.855485,9724.431046
334.611426,133.998066,133.998066,9877.571693
334.614167,-76.570323,210.568389,9609.575562
334.616909,133.998066,114.855485,9820.143950
334.619650,76.570323,172.283227,9801.001370
334.622392,76.570323,114.855485,9762.716208
334.625092,57.427742,248.853550,9934.999435
334.627793,57.427742,95.712904,9801.001370
334.630493,172.283227,153.140646,9934.999435
334.633194,-19.142581,76.570323,9877.571693
334.635894,19.142581,133.998066,9896.714274
334.638595,38.285162,210.568389,9915.856854
334.641295,-0.000000,76.570323,9858.429112
334.643995,248.853550,210.568389,9915.856854
334.646696,76.570323,114.855485,9762.716208
334.649396,38.285162,38.285162,9801.001370
334.652097,38.285162,229.710970,9915.856854
334.654797,-57.427742,76.570323,9820.143950
334.657498,76.570323,210.568389,9877.571693
334.660198,57.427742,114.855485,9781.858789
334.662899,19.142581,172.283227,9858.429112
334.665599,19.142581,153.140646,9896.714274
334.668300,76.570323,172.283227,9762.716208
334.671000,76.570323,114.855485,9877.571693
334.673700,76.570323,133.998066,9705.288466
334.676401,95.712904,95.712904,9858.429112
334.679101,114.855485,114.855485,9820.143950
334.681802,-0.000000,153.140646,9896.714274
334.684502,57.427742,153.140646,9973.284597
334.687203,76.570323,114.855485,9820.143950
334.689903,38.285162,210.568389,9915.856854
334.692604,153.140646,172.283227,9934.999435
334.695304,76.570323,172.283227,9839.286531
334.698004,114.855485,248.853550,9934.999435
334.700705,57.427742,133.998066,9724.431046
334.703405,57.427742,153.140646,9934.999435
334.706106,76.570323,172.283227,9858.429112
334.708806,38.285162,76.570323,9858.429112
334.711507,114.855485,191.425808,9954.142016
334.714207,-0.000000,133.998066,9781.858789
334.716908,19.142581,191.425808,9858.429112
334.719608,76.570323,153.140646,9858.429112
334.722309,76.570323,287.138712,9801.001370
334.725009,95.712904,172.283227,9839.286531
334.727709,76.570323,114.855485,9762.716208
334.730410,76.570323,153.140646,9839.286531
334.733074,-19.142581,153.140646,9801.001370
334.735739,57.427742,210.568389,9973.284597
334.738403,76.570323,172.283227,9839.286531
334.741068,95.712904,133.998066,9705.288466
334.743732,57.427742,248.853550,9973.284597
334.746397,57.427742,95.712904,9839.286531
334.749061,95.712904,229.710970,9877.571693
334.751726,76.570323,267.996131,9896.714274
334.754390,95.712904,210.568389,9743.573627
334.757055,191.425808,153.140646,9877.571693
334.759719,76.570323,172.283227,9762.716208
334.762383,114.855485,172.283227,9877.571693
334.765048,57.427742,248.853550,9973.284597
334.767712,114.855485,229.710970,9839.286531
334.770377,114.855485,191.425808,9877.571693
334.773041,-0.000000,76.570323,9762.716208
334.775706,133.998066,172.283227,9877.571693
334.778370,19.142581,133.998066,9781.858789
334.781035,153.140646,172.283227,9762.716208
334.783699,114.855485,191.425808,9954.142016
334.786364,-114.855485,38.285162,9724.431046
334.789028,133.998066,172.283227,9877.571693
334.791693,38.285162,172.283227,9934.999435
334.794357,76.570323,172.283227,9839.286531
334.797022,153.140646,172.283227,9992.427178
334.799686,57.427742,133.998066,9762.716208
334.802350,133.998066,114.855485,9820.143950
334.805015,38.285162,133.998066,9801.001370
334.807679,76.570323,210.568389,9839.286531
334.810344,153.140646,114.855485,9992.427178
334.813008,-0.000000,95.712904,9762.716208
334.815673,114.855485,153.140646,9934.999435
334.818337,76.570323,153.140646,9820.143950
334.821002,19.142581,191.425808,9858.429112
334.823666,76.570323,210.568389,9858.429112
334.826331,-0.000000,133.998066,9762.716208
334.828995,114.855485,210.568389,9839.286531
334.831660,76.570323,153.140646,9801.001370
334.834324,38.285162,133.998066,9839.286531
334.836988,76.570323,76.570323,9915.856854
334.839609,-19.142581,76.570323,9858.429112
334.842246,133.998066,133.998066,9915.856854
334.844882,19.142581,153.140646,9724.431046
334.847519,95.712904,172.283227,9934.999435
334.850156,19.142581,133.998066,9839.286531
334.852792,19.142581,133.998066,9801.001370
334.855429,57.427742,191.425808,9934.999435
334.858065,19.142581,133.998066,9781.858789
334.860702,76.570323,172.283227,9839.286531
334.863338,76.570323,133.998066,9915.856854
334.865975,76.570323,210.568389,9877.571693
334.868611,95.712904,210.568389,10011.569758
334.871248,76.570323,229.710970,9762.716208
334.873885,76.570323,172.283227,9877.571693
334.876521,19.142581,172.283227,9858.429112
334.879158,57.427742,114.855485,9801.001370
334.881794,57.427742,153.140646,9934.999435
334.884431,19.142581,153.140646,9781.858789
334.887067,76.570323,153.140646,9877.571693
334.889704,76.570323,114.855485,9877.571693
334.892341,19.142581,153.140646,9896.714274
334.894977,76.570323,267.996131,9973.284597
334.897614,38.285162,248.853550,9762.716208
334.900250,133.998066,248.853550,9839.286531
334.902887,95.712904,229.710970,9801.001370
334.905523,95.712904,210.568389,9762.716208
334.908160,114.855485,210.568389,9820.143950
334.910796,-38.285162,153.140646,9801.001370
334.913433,57.427742,267.996131,9954.142016
334.916070,-38.285162,191.425808,9896.714274
334.918706,191.425808,210.568389,9896.714274
334.921343,57.427742,153.140646,9934.999435
334.923979,76.570323,210.568389,9762.716208
334.926616,95.712904,153.140646,9934.999435
334.929252,19.142581,191.425808,9801.001370
334.931889,210.568389,210.568389,9762.716208
334.934525,19.142581,248.853550,9839.286531
334.937162,38.285162,172.283227,9781.858789
334.939799,114.855485,248.853550,9915.856854
334.942435,57.427742,95.712904,9781.858789
334.945048,95.712904,210.568389,9934.999435
334.947662,38.285162,172.283227,9915.856854
334.950275,-19.142581,172.283227,9686.145885
334.952888,114.855485,133.998066,9915.856854
334.955501,38.285162,38.285162,9858.429112
334.958115,133.998066,229.710970,9877.571693
334.960728,19.142581,191.425808,9801.001370
334.963341,76.570323,210.568389,9820.143950
334.965954,95.712904,95.712904,9896.714274
334.968568,38.285162,38.285162,9877.571693
334.971181,76.570323,76.570323,10011.569758
334.973794,57.427742,153.140646,9934.999435
334.976407,19.142581,191.425808,9801.001370
334.979021,57.427742,210.568389,9915.856854
334.981634,-0.000000,114.855485,9724.431046
334.984247,95.712904,229.710970,9820.143950
334.986860,153.140646,114.855485,9820.143950
334.989474,57.427742,95.712904,9781.858789
334.992087,95.712904,114.855485,9877.571693
334.994700,-114.855485,114.855485,9877.571693
334.997313,76.570323,172.283227,9877.571693
334.999927,19.142581,210.568389,9858.429112
335.002540,76.570323,172.283227,9839.286531
335.005153,114.855485,133.998066,9915.856854
335.007766,76.570323,114.855485,9820.143950
335.010380,114.855485,172.283227,9858.429112
335.012993,-0.000000,172.283227,9781.858789
335.015606,38.285162,133.998066,9820.143950
335.018219,114.855485,76.570323,9915.856854
335.020833,38.285162,76.570323,9801.001370
335.023446,76.570323,210.568389,9934.999435
335.026059,-19.142581,191.425808,9781.858789
335.028672,57.427742,191.425808,9934.999435
335.031286,19.142581,172.283227,9896.714274
335.033899,19.142581,133.998066,9839.286531
335.036512,76.570323,153.140646,9877.571693
335.039125,76.570323,210.568389,9762.716208
335.041739,114.855485,172.283227,9877.571693
335.044352,57.427742,133.998066,9934.999435
335.046965,-0.000000,172.283227,9858.429112
335.049560,133.998066,172.283227,9934.999435
335.052155,19.142581,133.998066,9781.858789
335.054750,38.285162,210.568389,9915.856854
335.057345,-0.000000,248.853550,9820.143950
335.059940,19.142581,153.140646,9820.143950
335.062535,191.425808,191.425808,9839.286531
335.065130,76.570323,172.283227,9743.573627
335.067725,57.427742,153.140646,9934.999435
335.070321,76.570323,172.283227,9762.716208
335.072916,57.427742,229.710970,9858.429112
335.075511,114.855485,153.140646,9877.571693
335.078106,38.285162,172.283227,9724.431046
335.080701,76.570323,153.140646,9877.571693
335.083296,76.570323,76.570323,9724.431046
335.085891,76.570323,172.283227,9839.286531
335.088486,114.855485,133.998066,9973.284597
335.091081,76.570323,229.710970,9743.573627
335.093676,57.427742,191.425808,9973.284597
335.096271,19.142581,133.998066,9839.286531
335.098866,95.712904,133.998066,9973.284597
335.101461,57.427742,191.425808,9877.571693
335.104056,19.142581,229.710970,9762.716208
335.106651,95.712904,191.425808,9973.284597
335.109246,57.427742,153.140646,9762.716208
335.111841,114.855485,287.138712,9896.714274
335.114436,19.142581,172.283227,9839.286531
335.117031,114.855485,133.998066,9743.573627
335.119626,19.142581,153.140646,9896.714274
335.122221,-95.712904,153.140646,9801.001370
335.124816,172.283227,229.710970,9896.714274
335.127411,19.142581,210.568389,9801.001370
335.130006,57.427742,210.568389,9743.573627
335.132601,153.140646,248.853550,9934.999435
335.135196,19.142581,153.140646,9781.858789
335.137791,114.855485,191.425808,9954.142016
335.140386,114.855485,210.568389,9858.429112
335.142981,76.570323,210.568389,9762.716208
335.145576,114.855485,114.855485,9877.571693
335.148171,76.570323,114.855485,9801.001370
335.150766,57.427742,153.140646,9992.427178
335.153347,19.142581,133.998066,9801.001370
335.155927,57.427742,267.996131,9877.571693
335.158507,19.142581,153.140646,9896.714274
335.161087,57.427742,133.998066,9762.716208
335.163668,133.998066,248.853550,9915.856854
335.166248,19.142581,153.140646,9781.858789
335.168828,133.998066,229.710970,9820.143950
335.171408,76.570323,114.855485,9858.429112
335.173989,76.570323,114.855485,9762.716208
335.176569,172.283227,191.425808,9934.999435
335.179149,76.570323,114.855485,9877.571693
335.181729,114.855485,114.855485,9877.571693
335.184309,76.570323,172.283227,9801.001370
335.186890,38.285162,76.570323,9839.286531
335.189470,133.998066,229.710970,9877.571693
335.192050,38.285162,210.568389,9724.431046
335.194630,57.427742,191.425808,9954.142016
335.197211,38.285162,76.570323,9858.429112
335.199791,76.570323,114.855485,9877.571693
335.202371,133.998066,229.710970,9877.571693
335.204951,38.285162,172.283227,9705.288466
335.207532,76.570323,229.710970,9877.571693
335.210112,114.855485,114.855485,9801.001370
335.212692,76.570323,172.283227,9877.571693
335.215272,95.712904,153.140646,9934.999435
335.217853,19.142581,95.712904,9686.145885
335.220433,133.998066,114.855485,9839.286531
335.223013,19.142581,133.998066,9839.286531
335.225593,95.712904,114.855485,9820.143950
335.228174,76.570323,229.710970,9858.429112
335.230754,19.142581,133.998066,9781.858789
335.233334,76.570323,172.283227,9839.286531
335.235914,76.570323,76.570323,9762.716208
335.238495,153.140646,153.140646,9820.143950
335.241075,76.570323,114.855485,9858.429112
335.243655,-0.000000,191.425808,9724.431046
335.246235,133.998066,76.570323,9973.284597
335.248815,38.285162,191.425808,9858.429112
335.251396,76.570323,229.710970,9877.571693
335.253976,76.570323,114.855485,9877.571693
335.256544,38.285162,172.283227,9724.431046
335.259112,133.998066,76.570323,9973.284597
335.261679,57.427742,114.855485,9801.001370
335.264247,95.712904,172.283227,9877.571693
335.266815,191.425808,248.853550,9839.286531
335.269383,57.427742,344.566454,9762.716208
335.271950,153.140646,153.140646,9934.999435
335.274518,19.142581,153.140646,9801.001370
335.277086,57.427742,133.998066,9954.142016
335.279654,19.142581,153.140646,9896.714274
335.282222,57.427742,191.425808,9686.145885
335.284789,114.855485,172.283227,9877.571693
335.287357,76.570323,210.568389,9839.286531
335.289925,114.855485,191.425808,9934.999435
335.292493,76.570323,287.138712,9820.143950
335.295061,76.570323,210.568389,9762.716208
335.297628,76.570323,172.283227,9858.429112
335.300196,38.285162,38.285162,9820.143950
335.302764,95.712904,172.283227,9934.999435
335.305332,76.570323,191.425808,9858.429112
335.307900,57.427742,306.281293,9820.143950
335.310467,76.570323,210.568389,9877.571693
335.313035,76.570323,229.710970,9820.143950
335.315603,172.283227,191.425808,9934.999435
335.318171,76.570323,153.140646,9762.716208
335.320739,76.570323,210.568389,9820.143950
335.323306,76.570323,76.570323,9896.714274
335.325874,57.427742,95.712904,9801.001370
335.328442,153.140646,229.710970,9839.286531
335.331010,19.142581,248.853550,9781.858789
335.333577,57.427742,287.138712,9801.001370
335.336145,95.712904,172.283227,9934.999435
335.338713,-19.142581,133.998066,9781.858789
335.341281,95.712904,95.712904,9896.714274
335.343849,38.285162,95.712904,9724.431046
335.346416,153.140646,133.998066,9858.429112
335.348984,114.855485,210.568389,9858.429112
335.351552,38.285162,210.568389,9915.856854
335.354120,57.427742,248.853550,9877.571693
335.356688,57.427742,306.281293,9781.858789
335.359244,114.855485,95.712904,9896.714274
335.361801,57.427742,95.712904,9896.714274
335.364358,38.285162,76.570323,9877.571693
335.366914,76.570323,114.855485,9858.429112
335.369471,114.855485,229.710970,9762.716208
335.372028,76.570323,229.710970,9858.429112
335.374584,95.712904,248.853550,9858.429112
335.377141,76.570323,191.425808,9839.286531
335.379698,76.570323,172.283227,9877.571693
335.382254,38.285162,114.855485,9724.431046
335.384811,95.712904,95.712904,9858.429112
335.387368,19.142581,172.283227,9820.143950
335.389924,76.570323,210.568389,9858.429112
335.392481,95.712904,210.568389,9877.571693
335.395038,-38.285162,191.425808,9781.858789
335.397594,57.427742,153.140646,9934.999435
335.400151,-0.000000,133.998066,9762.716208
335.402708,57.427742,95.712904,9877.571693
335.405265,95.712904,153.140646,9934.999435
335.407821,19.142581,210.568389,9781.858789
335.410378,133.998066,172.283227,9858.429112
335.412935,-19.142581,153.140646,9820.143950
335.415491,57.427742,248.853550,9934.999435
335.418048,57.427742,267.996131,9801.001370
335.420605,76.570323,172.283227,9801.001370
335.423161,153.140646,95.712904,9896.714274
335.425718,19.142581,133.998066,9896.714274
335.428275,114.855485,210.568389,9839.286531
335.430831,19.142581,191.425808,9896.714274
335.433388,57.427742,287.138712,9724.431046
335.435945,57.427742,95.712904,9896.714274
335.438501,19.142581,114.855485,9877.571693
335.441058,95.712904,172.283227,9934.999435
335.443615,133.998066,172.283227,9820.143950
335.446171,19.142581,153.140646,9801.001370
335.448728,57.427742,95.712904,9820.143950
335.451285,19.142581,133.998066,9801.001370
335.453841,114.855485,191.425808,9934.999435
335.456398,76.570323,229.710970,9858.429112
335.458955,57.427742,267.996131,9762.716208
335.461503,114.855485,172.283227,9877.571693
335.464052,114.855485,172.283227,9762.716208
335.466600,95.712904,172.283227,9877.571693
335.469149,38.285162,172.283227,9915.856854
335.471698,76.570323,210.568389,9877.571693
335.474246,-19.142581,191.425808,9801.001370
335.476795,19.142581,191.425808,9801.001370
335.479343,95.712904,76.570323,9915.856854
335.481892,19.142581,229.710970,9839.286531
335.484440,133.998066,210.568389,9762.716208
335.486989,38.285162,172.283227,9915.856854
335.489537,19.142581,133.998066,9781.858789
335.492086,76.570323,172.283227,9877.571693
335.494634,76.570323,172.283227,9839.286531
335.497183,57.427742,229.710970,9896.714274
335.499731,76.570323,76.570323,9915.856854
335.502280,19.142581,267.996131,9858.429112
335.504829,76.570323,172.283227,9934.999435
335.507377,-19.142581,114.855485,9781.858789
335.509926,114.855485,172.283227,9839.286531
335.512474,114.855485,133.998066,9896.714274
335.515023,76.570323,267.996131,9839.286531
335.517571,95.712904,267.996131,9934.999435
335.520120,19.142581,248.853550,9858.429112
335.522668,76.570323,229.710970,9877.571693
335.525217,114.855485,114.855485,9820.143950
335.527765,114.855485,114.855485,9877.571693
335.530314,95.712904,191.425808,9934.999435
335.532862,-0.000000,191.425808,9724.431046
335.535411,-0.000000,172.283227,9801.001370
335.537960,76.570323,133.998066,9915.856854
335.540508,19.142581,153.140646,9896.714274
335.543057,76.570323,210.568389,9877.571693
335.545605,-0.000000,248.853550,9839.286531
335.548154,38.285162,191.425808,9934.999435
335.550702,133.998066,172.283227,9858.429112
335.553251,57.427742,76.570323,9820.143950
335.555799,76.570323,114.855485,9877.571693
335.558348,19.142581,229.710970,9781.858789
335.560896,114.855485,229.710970,9820.143950
335.563439,76.570323,191.425808,9858.429112
335.565981,57.427742,95.712904,9896.714274
335.568523,114.855485,114.855485,9877.571693
335.571065,76.570323,172.283227,9762.716208
335.573607,57.427742,133.998066,9934.999435
335.576149,57.427742,114.855485,9858.429112
335.578691,38.285162,76.570323,9877.571693
335.581234,57.427742,133.998066,9877.571693
335.583776,57.427742,191.425808,9743.573627
335.586318,95.712904,153.140646,9934.999435
335.588860,-19.142581,133.998066,9877.571693
335.591402,57.427742,133.998066,9934.999435
335.593944,76.570323,114.855485,9877.571693
335.596487,19.142581,172.283227,9896.714274
335.599029,19.142581,153.140646,9896.714274
335.601571,19.142581,133.998066,9781.858789
335.604113,38.285162,172.283227,9973.284597
335.606655,76.570323,191.425808,9820.143950
335.609197,114.855485,248.853550,9743.573627
335.611739,57.427742,95.712904,9915.856854
335.614282,76.570323,114.855485,9820.143950
335.616824,95.712904,153.140646,9858.429112
335.619366,38.285162,76.570323,9801.001370
335.621908,76.570323,172.283227,9801.001370
335.624450,19.142581,210.568389,9896.714274
335.626992,-0.000000,210.568389,9762.716208
335.629535,191.425808,191.425808,9839.286531
335.632077,76.570323,114.855485,9762.716208
335.634619,76.570323,210.568389,9820.143950
335.637161,95.712904,76.570323,9915.856854
335.639703,76.570323,114.855485,9762.716208
335.642245,76.570323,133.998066,9801.001370
335.644787,114.855485,191.425808,9839.286531
335.647330,133.998066,191.425808,9820.143950
335.649872,57.427742,153.140646,9934.999435
335.652414,-0.000000,153.140646,9801.001370
335.654956,57.427742,95.712904,9801.001370
335.657498,114.855485,210.568389,9762.716208
335.660040,76.570323,153.140646,9762.716208
335.662583,76.570323,172.283227,9820.143950
335.665119,76.570323,172.283227,9877.571693
335.667656,57.427742,133.998066,9877.571693
335.670192,-0.000000,191.425808,9896.714274
335.672729,57.427742,229.710970,9896.714274
335.675266,76.570323,114.855485,9762.716208
335.677802,76.570323,191.425808,9820.143950
335.680339,191.425808,210.568389,9820.143950
335.682875,76.570323,191.425808,9762.716208
335.685412,76.570323,172.283227,9839.286531
335.687949,-19.142581,114.855485,9915.856854
335.690485,-95.712904,191.425808,9801.001370
335.693022,76.570323,114.855485,9839.286531
335.695558,19.142581,153.140646,9781.858789
335.698095,76.570323,172.283227,9801.001370
335.700632,114.855485,133.998066,9896.714274
335.703168,19.142581,229.710970,9858.429112
335.705705,76.570323,210.568389,9877.571693
335.708241,19.142581,248.853550,9896.714274
335.710778,76.570323,210.568389,9877.571693
335.713315,19.142581,133.998066,9896.714274
335.715851,38.285162,210.568389,9954.142016
335.718388,76.570323,76.570323,9915.856854
335.720924,19.142581,191.425808,9858.429112
335.723461,76.570323,172.283227,9820.143950
335.725998,76.570323,210.568389,9762.716208
335.728534,76.570323,172.283227,9877.571693
335.731071,57.427742,153.140646,9934.999435
335.733607,-0.000000,153.140646,9839.286531
335.736144,76.570323,210.568389,9858.429112
335.738681,38.285162,172.283227,9896.714274
335.741217,57.427742,172.283227,9781.858789
335.743754,57.427742,95.712904,9896.714274
335.746291,76.570323,210.568389,9858.429112
335.748827,114.855485,133.998066,9934.999435
335.751364,76.570323,210.568389,9839.286531
335.753900,114.855485,229.710970,9839.286531
335.756437,114.855485,114.855485,9762.716208
335.758974,19.142581,153.140646,9839.286531
335.761510,57.427742,133.998066,9934.999435
335.764047,19.142581,191.425808,9858.429112
335.766579,76.570323,172.283227,9820.143950
335.769112,57.427742,133.998066,9973.284597
335.771644,38.285162,229.710970,9686.145885
335.774176,19.142581,133.998066,9896.714274
335.776709,57.427742,133.998066,9820.143950
335.779241,19.142581,133.998066,9839.286531
335.781774,76.570323,114.855485,9858.429112
335.784306,114.855485,210.568389,9762.716208
335.786838,19.142581,210.568389,9858.429112
335.789371,19.142581,210.568389,9839.286531
335.791903,57.427742,133.998066,9934.999435
335.794436,76.570323,210.568389,9858.429112
335.796968,76.570323,229.710970,9762.716208
335.799500,57.427742,95.712904,9915.856854
335.802033,57.427742,95.712904,9781.858789
335.804565,76.570323,114.855485,9877.571693
335.807098,76.570323,172.283227,9820.143950
335.809630,114.855485,229.710970,9762.716208
335.812162,76.570323,153.140646,9839.286531
335.814695,38.285162,191.425808,9954.142016
335.817227,57.427742,114.855485,9896.714274
335.819760,-0.000000,133.998066,9858.429112
335.822292,76.570323,172.283227,9820.143950
335.824824,95.712904,95.712904,9839.286531
335.827357,19.142581,133.998066,9781.858789
335.829889,114.855485,172.283227,9820.143950
335.832422,76.570323,229.710970,9762.716208
335.834954,76.570323,287.138712,9858.429112
335.837487,76.570323,76.570323,10011.569758
335.840019,19.142581,114.855485,9954.142016
335.842551,57.427742,95.712904,9896.714274
335.845084,114.855485,172.283227,9762.716208
335.847616,191.425808,153.140646,9781.858789
335.850149,19.142581,153.140646,9858.429112
335.852681,19.142581,153.140646,9896.714274
335.855213,19.142581,172.283227,9915.856854
335.857746,76.570323,191.425808,9858.429112
335.860278,114.855485,191.425808,9954.142016
335.862811,191.425808,133.998066,9820.143950
335.865343,76.570323,153.140646,9820.143950
335.867864,153.140646,153.140646,9934.999435
335.870393,-0.000000,172.283227,9724.431046
335.872923,95.712904,248.853550,9877.571693
335.875452,57.427742,133.998066,9934.999435
335.877981,76.570323,172.283227,9858.429112
335.880511,57.427742,153.140646,9934.999435
335.883040,76.570323,191.425808,9724.431046
335.885569,38.285162,133.998066,9820.143950
335.888099,76.570323,133.998066,9896.714274
335.890628,19.142581,191.425808,9896.714274
335.893158,114.855485,191.425808,9973.284597
335.895687,-0.000000,248.853550,9858.429112
335.898216,76.570323,172.283227,9820.143950
335.900746,76.570323,210.568389,9858.429112
335.903275,76.570323,287.138712,9877.571693
335.905805,133.998066,191.425808,9896.714274
335.908334,19.142581,248.853550,9820.143950
335.910863,95.712904,210.568389,9934.999435
335.913393,76.570323,114.855485,9801.001370
335.915922,19.142581,153.140646,9839.286531
335.918451,153.140646,248.853550,10011.569758
335.920981,19.142581,287.138712,9762.716208
335.923510,95.712904,248.853550,9934.999435
335.926040,76.570323,114.855485,9858.429112
335.928569,76.570323,210.568389,9839.286531
335.931098,57.427742,229.710970,9896.714274
335.933628,57.427742,191.425808,9877.571693
335.936157,76.570323,191.425808,9762.716208
335.938686,19.142581,57.427742,9743.573627
335.941216,114.855485,19.142581,9915.856854
335.943745,57.427742,95.712904,9801.001370
335.946275,95.712904,401.994197,9724.431046
335.948804,210.568389,306.281293,9934.999435
335.951333,38.285162,210.568389,9724.431046
335.953863,114.855485,0.000000,9858.429112
335.956392,114.855485,-95.712904,10145.567824
335.958922,-19.142581,38.285162,9820.143950
335.961451,133.998066,210.568389,9877.571693
335.963980,57.427742,287.138712,9839.286531
335.966510,95.712904,287.138712,9801.001370
335.969037,191.425808,95.712904,9934.999435
335.971563,38.285162,57.427742,9877.571693
335.974090,19.142581,95.712904,9934.999435
335.976617,-19.142581,76.570323,9820.143950
335.979144,133.998066,172.283227,9820.143950
335.981671,114.855485,114.855485,9877.571693
335.984198,38.285162,114.855485,9686.145885
335.986725,133.998066,76.570323,9915.856854
335.989251,-0.000000,191.425808,9724.431046
335.991778,57.427742,229.710970,9839.286531
335.994305,153.140646,133.998066,9877.571693
335.996832,57.427742,95.712904,9801.001370
335.999359,76.570323,76.570323,9954.142016
336.001886,38.285162,76.570323,9858.429112
336.004413,57.427742,191.425808,9934.999435
336.006940,172.283227,344.566454,10011.569758
336.009466,76.570323,287.138712,9839.286531
336.011993,172.283227,210.568389,9915.856854
336.014520,57.427742,95.712904,9839.286531
336.017047,172.283227,76.570323,9934.999435
336.019574,19.142581,248.853550,9801.001370
336.022101,-19.142581,287.138712,9743.573627
336.024628,95.712904,306.281293,9820.143950
336.027155,-38.285162,153.140646,9781.858789
336.029681,153.140646,153.140646,9992.427178
336.032208,38.285162,210.568389,9973.284597
336.034735,-0.000000,191.425808,9781.858789
336.037262,95.712904,153.140646,9820.143950
336.039789,57.427742,191.425808,9686.145885
336.042316,114.855485,95.712904,9896.714274
336.044843,76.570323,172.283227,9762.716208
336.047370,38.285162,267.996131,9762.716208
336.049896,76.570323,287.138712,9954.142016
336.052423,19.142581,191.425808,9801.001370
336.054950,229.710970,114.855485,10011.569758
336.057477,114.855485,210.568389,9820.143950
336.060004,57.427742,210.568389,9762.716208
336.062531,114.855485,210.568389,9877.571693
336.065058,38.285162,325.423874,9801.001370
336.067585,57.427742,248.853550,9973.284597
336.070109,114.855485,210.568389,9858.429112
336.072634,57.427742,133.998066,9934.999435
336.075159,76.570323,95.712904,9973.284597
336.077684,19.142581,210.568389,9820.143950
336.080209,76.570323,248.853550,9954.142016
336.082734,-0.000000,191.425808,9781.858789
336.085259,133.998066,210.568389,9762.716208
336.087783,76.570323,114.855485,9762.716208
336.090308,19.142581,191.425808,9781.858789
336.092833,95.712904,172.283227,9877.571693
336.095358,76.570323,191.425808,9820.143950
336.097883,19.142581,133.998066,9801.001370
336.100408,38.285162,133.998066,9973.284597
336.102933,19.142581,153.140646,9781.858789
336.105458,95.712904,191.425808,9934.999435
336.107982,19.142581,248.853550,9724.431046
336.110507,133.998066,153.140646,9839.286531
336.113032,-0.000000,153.140646,9820.143950
336.115557,76.570323,191.425808,9858.429112
336.118082,57.427742,153.140646,10049.854920
336.120607,76.570323,172.283227,9762.716208
336.123132,153.140646,191.425808,9934.999435
336.125656,19.142581,153.140646,9896.714274
336.128181,38.285162,153.140646,9781.858789
336.130706,229.710970,114.855485,9954.142016
336.133231,76.570323,172.283227,9762.716208
336.135756,57.427742,76.570323,9839.286531
336.138281,76.570323,191.425808,9858.429112
336.140806,76.570323,153.140646,9781.858789
336.143331,95.712904,133.998066,9934.999435
336.145855,38.285162,114.855485,9781.858789
336.148380,114.855485,114.855485,9934.999435
336.150905,38.285162,114.855485,9724.431046
336.153430,38.285162,114.855485,9781.858789
336.155955,114.855485,172.283227,9992.427178
336.158480,38.285162,38.285162,9686.145885
336.161005,172.283227,76.570323,9839.286531
336.163529,76.570323,172.283227,9762.716208
336.166054,57.427742,95.712904,9820.143950
336.168579,114.855485,76.570323,9915.856854
336.171102,57.427742,95.712904,9781.858789
336.173626,114.855485,172.283227,9934.999435
336.176149,57.427742,95.712904,9781.858789
336.178672,114.855485,95.712904,9896.714274
336.181195,153.140646,133.998066,9973.284597
336.183718,-19.142581,172.283227,9724.431046
336.186242,114.855485,191.425808,9877.571693
336.188765,-0.000000,133.998066,9781.858789
336.191288,95.712904,153.140646,9743.573627
336.193811,153.140646,133.998066,9934.999435
336.196334,19.142581,95.712904,9686.145885
336.198858,114.855485,133.998066,9934.999435
336.201381,-95.712904,153.140646,9705.288466
336.203904,133.998066,114.855485,9877.571693
336.206427,133.998066,229.710970,9877.571693
336.208950,38.285162,172.283227,9647.860723
336.211474,210.568389,210.568389,9839.286531
336.213997,-0.000000,133.998066,9839.286531
336.216520,38.285162,153.140646,9896.714274
336.219043,76.570323,210.568389,9877.571693
336.221566,38.285162,267.996131,9820.143950
336.224090,153.140646,210.568389,9934.999435
336.226613,19.142581,191.425808,9801.001370
336.229136,191.425808,153.140646,9896.714274
336.231659,19.142581,133.998066,9858.429112
336.234182,19.142581,191.425808,9781.858789
336.236706,153.140646,210.568389,9915.856854
336.239229,38.285162,267.996131,9762.716208
336.241752,95.712904,191.425808,9934.999435
336.244275,19.142581,210.568389,9801.001370
336.246799,19.142581,133.998066,9781.858789
336.249322,38.285162,114.855485,9915.856854
336.251845,-57.427742,153.140646,9820.143950
336.254368,191.425808,210.568389,9877.571693
336.256891,57.427742,287.138712,9781.858789
336.259415,76.570323,191.425808,9801.001370
336.261938,76.570323,172.283227,9839.286531
336.264461,19.142581,153.140646,9839.286531
336.266984,172.283227,210.568389,10011.569758
336.269507,38.285162,210.568389,9705.288466
336.272029,76.570323,210.568389,9820.143950
336.274551,57.427742,133.998066,9934.999435
336.277073,-38.285162,210.568389,9781.858789
336.279595,57.427742,210.568389,10049.854920
336.282116,76.570323,287.138712,9877.571693
336.284638,95.712904,191.425808,9820.143950
336.287160,76.570323,172.283227,9820.143950
336.289682,95.712904,229.710970,9839.286531
336.292204,114.855485,76.570323,9954.142016
336.294725,-38.285162,267.996131,9743.573627
336.297247,114.855485,287.138712,9877.571693
336.299769,95.712904,191.425808,9934.999435
336.302291,-19.142581,191.425808,9781.858789
336.304813,114.855485,133.998066,9973.284597
336.307334,38.285162,172.283227,9705.288466
336.309856,114.855485,172.283227,9839.286531
336.312378,95.712904,114.855485,9762.716208
336.314900,57.427742,172.283227,9724.431046
336.317422,133.998066,95.712904,9954.142016
336.319943,-0.000000,133.998066,9762.716208
336.322465,57.427742,153.140646,9934.999435
336.324987,95.712904,95.712904,9896.714274
336.327509,57.427742,95.712904,9781.858789
336.330031,153.140646,95.712904,9896.714274
336.332552,38.285162,229.710970,9781.858789
336.335074,114.855485,210.568389,9877.571693
336.337596,19.142581,191.425808,9781.858789
336.340118,38.285162,172.283227,9915.856854
336.342640,76.570323,76.570323,9915.856854
336.345161,-0.000000,114.855485,9724.431046
336.347683,95.712904,76.570323,10011.569758
336.350205,-57.427742,95.712904,9762.716208
336.352727,95.712904,172.283227,9820.143950
336.355249,57.427742,153.140646,9934.999435
336.357770,-0.000000,172.283227,9781.858789
336.360292,95.712904,76.570323,9915.856854
336.362814,-19.142581,133.998066,9743.573627
336.365336,95.712904,191.425808,9820.143950
336.367858,76.570323,210.568389,9820.143950
336.370380,-38.285162,210.568389,9724.431046
336.372844,114.855485,153.140646,9934.999435
336.375308,-0.000000,38.285162,9762.716208
336.377772,172.283227,76.570323,9992.427178
336.380236,76.570323,114.855485,9877.571693
336.382700,38.285162,153.140646,9724.431046
336.385165,95.712904,153.140646,9934.999435
336.387629,-0.000000,133.998066,9801.001370
336.390093,114.855485,133.998066,9992.427178
336.392557,76.570323,133.998066,9915.856854
336.395021,57.427742,248.853550,9743.573627
336.397486,210.568389,133.998066,9896.714274
336.399950,-19.142581,229.710970,9647.860723
336.402414,114.855485,191.425808,9934.999435
336.404878,114.855485,153.140646,9877.571693
336.407342,76.570323,229.710970,9801.001370
336.409807,172.283227,153.140646,9954.142016
336.412271,-19.142581,172.283227,9609.575562
336.414735,153.140646,210.568389,9915.856854
336.417199,133.998066,229.710970,9877.571693
336.419663,114.855485,229.710970,9762.716208
336.422128,95.712904,248.853550,9877.571693
336.424592,38.285162,248.853550,9724.431046
336.427056,76.570323,172.283227,9877.571693
336.429520,19.142581,172.283227,9896.714274
336.431984,76.570323,172.283227,9877.571693
336.434448,133.998066,210.568389,9877.571693
336.436913,57.427742,267.996131,9686.145885
336.439377,210.568389,287.138712,9915.856854
336.441841,-0.000000,191.425808,9839.286531
336.444305,76.570323,229.710970,9839.286531
336.446769,172.283227,210.568389,9915.856854
336.449234,-38.285162,191.425808,9820.143950
336.451698,57.427742,153.140646,9934.999435
336.454162,-0.000000,248.853550,9724.431046
336.456626,19.142581,133.998066,9858.429112
336.459090,57.427742,153.140646,9934.999435
336.461555,-0.000000,248.853550,9801.001370
336.464019,133.998066,306.281293,10030.712339
336.466483,76.570323,229.710970,9628.718142
336.468947,114.855485,114.855485,9877.571693
336.471425,76.570323,76.570323,9915.856854
336.473904,19.142581,153.140646,9781.858789
336.476382,57.427742,153.140646,9992.427178
336.478860,76.570323,114.855485,9858.429112
336.481338,133.998066,210.568389,9820.143950
336.483816,76.570323,172.283227,9820.143950
336.486294,76.570323,267.996131,9781.858789
336.488773,95.712904,191.425808,9934.999435
336.491251,19.142581,153.140646,9781.858789
336.493729,95.712904,57.427742,9896.714274
336.496207,38.285162,38.285162,9877.571693
336.498685,38.285162,76.570323,9839.286531
336.501164,95.712904,210.568389,9992.427178
336.503642,76.570323,287.138712,9762.716208
336.506120,172.283227,306.281293,9858.429112
336.508598,76.570323,191.425808,9820.143950
336.511076,57.427742,133.998066,9934.999435
336.513554,57.427742,95.712904,9896.714274
336.516033,-38.285162,19.142581,9743.573627
336.518511,114.855485,133.998066,9934.999435
336.520989,19.142581,153.140646,9781.858789
336.523467,76.570323,248.853550,9724.431046
336.525945,114.855485,267.996131,9915.856854
336.528424,38.285162,267.996131,9820.143950
336.530902,153.140646,133.998066,10049.854920
336.533380,38.285162,38.285162,9820.143950
336.535858,95.712904,38.285162,9858.429112
336.538336,114.855485,95.712904,9801.001370
336.540814,57.427742,248.853550,9647.860723
336.543293,172.283227,172.283227,9915.856854
336.545771,57.427742,287.138712,9781.858789
336.548249,57.427742,153.140646,9934.999435
336.550727,38.285162,172.283227,9973.284597
336.553205,19.142581,191.425808,9839.286531
336.555683,95.712904,114.855485,9820.143950
336.558162,-0.000000,76.570323,9762.716208
336.560640,153.140646,95.712904,9896.714274
336.563118,38.285162,172.283227,9896.714274
336.565596,76.570323,210.568389,9820.143950
336.568074,114.855485,267.996131,9915.856854
336.570564,-57.427742,76.570323,9820.143950
336.573054,76.570323,153.140646,9801.001370
336.575543,38.285162,38.285162,9820.143950
336.578033,38.285162,76.570323,9820.143950
336.580523,133.998066,153.140646,9877.571693
336.583012,-0.000000,248.853550,9781.858789
336.585502,19.142581,248.853550,9896.714274
336.587992,114.855485,325.423874,9915.856854
336.590481,-0.000000,153.140646,9781.858789
336.592971,210.568389,210.568389,9915.856854
336.595461,57.427742,38.285162,9781.858789
336.597950,76.570323,210.568389,9820.143950
336.600440,76.570323,172.283227,9858.429112
336.602930,114.855485,210.568389,9839.286531
336.605419,57.427742,248.853550,9934.999435
336.607909,-19.142581,210.568389,9724.431046
336.610399,114.855485,229.710970,9877.571693
336.612888,19.142581,191.425808,9858.429112
336.615378,19.142581,210.568389,9801.001370
336.617868,172.283227,210.568389,9915.856854
336.620357,19.142581,133.998066,9781.858789
336.622847,76.570323,191.425808,9839.286531
336.625337,114.855485,210.568389,9858.429112
336.627826,76.570323,287.138712,9858.429112
336.630316,114.855485,210.568389,9877.571693
336.632806,-19.142581,153.140646,9839.286531
336.635296,133.998066,248.853550,9915.856854
336.637785,19.142581,191.425808,9801.001370
336.640275,19.142581,153.140646,9858.429112
336.642765,95.712904,153.140646,9973.284597
336.645254,19.142581,191.425808,9781.858789
336.647744,95.712904,248.853550,10011.569758
336.650234,38.285162,363.709035,9762.716208
336.652723,76.570323,229.710970,9762.716208
336.655213,95.712904,153.140646,9801.001370
336.657703,-19.142581,133.998066,9801.001370
336.660192,133.998066,210.568389,9877.571693
336.662682,57.427742,95.712904,9781.858789
336.665172,57.427742,210.568389,9915.856854
336.667661,76.570323,248.853550,9858.429112
336.670109,19.142581,191.425808,9858.429112
336.672556,95.712904,191.425808,9954.142016
336.675004,-38.285162,76.570323,9762.716208
336.677451,114.855485,153.140646,9877.571693
336.679899,76.570323,229.710970,9877.571693
336.682346,38.285162,172.283227,9724.431046
336.684794,76.570323,229.710970,9877.571693
336.687241,76.570323,114.855485,9858.429112
336.689689,153.140646,153.140646,9877.571693
336.692136,57.427742,172.283227,9934.999435
336.694584,76.570323,191.425808,9801.001370
336.697031,114.855485,133.998066,9973.284597
336.699479,-0.000000,133.998066,9781.858789
336.701926,133.998066,76.570323,9915.856854
336.704374,19.142581,172.283227,9801.001370
336.706821,191.425808,153.140646,9896.714274
336.709269,57.427742,114.855485,9896.714274
336.711716,-0.000000,153.140646,9724.431046
336.714164,57.427742,95.712904,9896.714274
336.716611,38.285162,133.998066,9877.571693
336.719059,95.712904,114.855485,9858.429112
336.721507,76.570323,153.140646,9820.143950
336.723954,114.855485,191.425808,9762.716208
336.726402,153.140646,95.712904,9820.143950
336.728849,-19.142581,133.998066,9743.573627
336.731297,95.712904,210.568389,9858.429112
336.733744,114.855485,229.710970,9820.143950
336.736192,76.570323,172.283227,9858.429112
336.738639,76.570323,76.570323,9915.856854
336.741087,-19.142581,172.283227,9705.288466
336.743534,153.140646,153.140646,9934.999435
336.745982,95.712904,133.998066,9934.999435
336.748429,19.142581,248.853550,9801.001370
336.750877,153.140646,133.998066,9934.999435
336.753324,19.142581,153.140646,9801.001370
336.755772,76.570323,210.568389,9877.571693
336.758219,19.142581,133.998066,9858.429112
336.760667,95.712904,114.855485,9839.286531
336.763114,191.425808,133.998066,9839.286531
336.765562,-0.000000,133.998066,9839.286531
336.767980,38.285162,248.853550,9839.286531
336.770398,76.570323,229.710970,9820.143950
336.772816,76.570323,229.710970,9877.571693
336.775234,114.855485,114.855485,9801.001370
336.777652,38.285162,133.998066,9820.143950
336.780070,114.855485,95.712904,9896.714274
336.782488,38.285162,133.998066,9820.143950
336.784906,-0.000000,191.425808,9896.714274
336.787325,19.142581,153.140646,9839.286531
336.789743,76.570323,210.568389,9858.429112
336.792161,114.855485,248.853550,9973.284597
336.794579,57.427742,287.138712,9781.858789
336.796997,95.712904,210.568389,9762.716208
336.799415,95.712904,133.998066,9973.284597
336.801833,19.142581,153.140646,9801.001370
336.804251,57.427742,248.853550,9934.999435
336.806669,38.285162,267.996131,9762.716208
336.809087,19.142581,191.425808,9896.714274
336.811505,38.285162,153.140646,9896.714274
336.813924,76.570323,172.283227,9858.429112
336.816342,153.140646,191.425808,9934.999435
336.818760,38.285162,210.568389,9724.431046
336.821178,133.998066,229.710970,9858.429112
336.823596,57.427742,114.855485,9781.858789
336.826014,76.570323,172.283227,9877.571693
336.828432,114.855485,267.996131,9915.856854
336.830850,-38.285162,248.853550,9781.858789
336.833268,114.855485,306.281293,9801.001370
336.835686,114.855485,153.140646,9820.143950
336.838104,19.142581,133.998066,9724.431046
336.840523,153.140646,191.425808,9934.999435
336.842941,57.427742,95.712904,9724.431046
336.845359,57.427742,248.853550,9877.571693
336.847777,76.570323,210.568389,9762.716208
336.850195,76.570323,191.425808,9762.716208
336.852613,57.427742,172.283227,9934.999435
336.855031,-0.000000,76.570323,9801.001370
336.857449,153.140646,153.140646,9877.571693
336.859867,76.570323,172.283227,9839.286531
336.862285,57.427742,172.283227,9781.858789
336.864730,153.140646,191.425808,9934.999435
336.867178,76.570323,210.568389,9820.143950
336.869625,172.283227,172.283227,9915.856854
336.872073,76.570323,114.855485,9801.001370
336.874521,114.855485,229.710970,9858.429112
336.876968,76.570323,191.425808,9820.143950
336.879416,38.285162,114.855485,9781.858789
336.881864,114.855485,76.570323,9915.856854
336.884311,38.285162,210.568389,9896.714274
336.886759,19.142581,248.853550,9781.858789
336.889207,57.427742,248.853550,9934.999435
336.891655,57.427742,114.855485,9781.858789
336.894102,172.283227,95.712904,9896.714274
336.896550,57.427742,95.712904,9801.001370
336.898998,95.712904,153.140646,9934.999435
336.901445,76.570323,172.283227,9762.716208
336.903893,19.142581,153.140646,9781.858789
336.906341,114.855485,76.570323,9973.284597
336.908788,-0.000000,38.285162,9858.429112
336.911236,57.427742,153.140646,9934.999435
336.913684,57.427742,191.425808,9858.429112
336.916131,76.570323,210.568389,9801.001370
336.918579,95.712904,114.855485,9801.001370
336.921027,57.427742,210.568389,9801.001370
336.923474,57.427742,172.283227,9954.142016
336.925922,19.142581,133.998066,9839.286531
336.928370,76.570323,153.140646,9858.429112
336.930818,114.855485,229.710970,10011.569758
336.933265,19.142581,153.140646,9801.001370
336.935713,95.712904,95.712904,9858.429112
336.938161,57.427742,57.427742,9781.858789
336.940608,38.285162,133.998066,9801.001370
336.943056,114.855485,172.283227,9820.143950
336.945504,19.142581,191.425808,9781.858789
336.947951,133.998066,325.423874,9915.856854
336.950399,114.855485,172.283227,9762.716208
336.952847,153.140646,133.998066,9954.142016
336.955294,76.570323,76.570323,9954.142016
336.957742,-19.142581,133.998066,9801.001370
336.960190,57.427742,248.853550,9934.999435
336.962661,19.142581,210.568389,9724.431046
336.965133,76.570323,114.855485,9820.143950
336.967604,133.998066,133.998066,10049.854920
336.970075,95.712904,210.568389,9820.143950
336.972547,57.427742,191.425808,9877.571693
336.975018,57.427742,191.425808,9762.716208
336.977489,114.855485,172.283227,9877.571693
336.979961,114.855485,114.855485,9858.429112
336.982432,95.712904,172.283227,9820.143950
336.984903,153.140646,306.281293,9896.714274
336.987375,19.142581,191.425808,9781.858789
336.989846,95.712904,172.283227,9839.286531
336.992318,95.712904,172.283227,9839.286531
336.994789,19.142581,153.140646,9781.858789
336.997260,172.283227,191.425808,9973.284597
336.999732,19.142581,133.998066,9781.858789
337.002203,114.855485,153.140646,9954.142016
337.004674,57.427742,153.140646,9934.999435
337.007146,76.570323,191.425808,9896.714274
337.009617,57.427742,153.140646,9934.999435
337.012089,57.427742,191.425808,9705.288466
337.014560,133.998066,172.283227,9877.571693
337.017031,57.427742,57.427742,9820.143950
337.019503,76.570323,210.568389,9858.429112
337.021974,57.427742,95.712904,9915.856854
337.024445,-0.000000,325.423874,9762.716208
337.026917,76.570323,210.568389,9877.571693
337.029388,57.427742,95.712904,9781.858789
337.031859,133.998066,172.283227,9858.429112
337.034331,38.285162,114.855485,9973.284597
337.036802,-0.000000,153.140646,9801.001370
337.039274,95.712904,287.138712,9896.714274
337.041745,-19.142581,76.570323,9743.573627
337.044216,95.712904,229.710970,9858.429112
337.046688,57.427742,153.140646,9973.284597
337.049159,76.570323,172.283227,9858.429112
337.051630,133.998066,114.855485,9839.286531
337.054102,38.285162,133.998066,9820.143950
337.056573,114.855485,191.425808,9934.999435
337.059044,76.570323,114.855485,9762.716208
337.061535,38.285162,153.140646,9839.286531
337.064026,153.140646,153.140646,9934.999435
337.066516,38.285162,172.283227,9724.431046
337.069007,76.570323,191.425808,9915.856854
337.071497,57.427742,133.998066,9743.573627
337.073988,19.142581,114.855485,9743.573627
337.076478,133.998066,76.570323,10011.569758
337.078969,95.712904,76.570323,9915.856854
337.081459,57.427742,114.855485,9896.714274
337.083950,38.285162,191.425808,9839.286531
337.086440,76.570323,153.140646,9820.143950
337.088931,19.142581,172.283227,9820.143950
337.091421,114.855485,114.855485,9762.716208
337.093912,133.998066,95.712904,9973.284597
337.096402,76.570323,114.855485,9762.716208
337.098893,76.570323,172.283227,9877.571693
337.101383,57.427742,95.712904,9896.714274
337.103874,57.427742,95.712904,9781.858789
337.106364,114.855485,172.283227,9858.429112
337.108855,76.570323,210.568389,9877.571693
337.111345,19.142581,191.425808,9896.714274
337.113836,38.285162,114.855485,9915.856854
337.116326,19.142581,95.712904,9743.573627
337.118817,191.425808,95.712904,9934.999435
337.121307,-0.000000,191.425808,9781.858789
337.123798,76.570323,153.140646,9934.999435
337.126289,114.855485,114.855485,9877.571693
337.128779,76.570323,191.425808,9896.714274
337.131270,95.712904,191.425808,9934.999435
337.133760,57.427742,153.140646,9743.573627
337.136251,76.570323,210.568389,9877.571693
337.138741,38.285162,76.570323,9801.001370
337.141232,19.142581,153.140646,9896.714274
337.143722,76.570323,172.283227,9877.571693
337.146213,57.427742,248.853550,9762.716208
337.148703,76.570323,229.710970,9839.286531
337.151194,-19.142581,133.998066,9877.571693
337.153684,76.570323,210.568389,9839.286531
337.156175,114.855485,133.998066,9954.142016
337.158665,-19.142581,133.998066,9781.858789
337.161171,95.712904,229.710970,9820.143950
337.163676,19.142581,191.425808,9781.858789
337.166182,76.570323,172.283227,9820.143950
337.168688,114.855485,191.425808,9858.429112
337.171193,19.142581,153.140646,9839.286531
337.173699,57.427742,191.425808,9877.571693
337.176204,-0.000000,133.998066,9781.858789
337.178710,114.855485,172.283227,9954.142016
337.181216,-0.000000,153.140646,9915.856854
337.183721,19.142581,191.425808,9781.858789
337.186227,114.855485,210.568389,9877.571693
337.188732,19.142581,153.140646,9858.429112
337.191238,191.425808,248.853550,9858.429112
337.193744,19.142581,133.998066,9839.286531
337.196249,19.142581,229.710970,9820.143950
337.198755,114.855485,172.283227,9877.571693
337.201260,38.285162,76.570323,9839.286531
337.203766,76.570323,153.140646,9839.286531
337.206272,38.285162,210.568389,9915.856854
337.208777,38.285162,191.425808,9781.858789
337.211283,133.998066,114.855485,9801.001370
337.213788,114.855485,95.712904,9781.858789
337.216294,153.140646,325.423874,9877.571693
337.218800,38.285162,210.568389,9839.286531
337.221305,76.570323,172.283227,9858.429112
337.223811,76.570323,114.855485,9877.571693
337.226316,57.427742,95.712904,9801.001370
337.228822,57.427742,229.710970,9915.856854
337.231328,19.142581,248.853550,9858.429112
337.233833,95.712904,325.423874,9724.431046
337.236339,76.570323,210.568389,9877.571693
337.238845,38.285162,76.570323,9820.143950
337.241350,95.712904,76.570323,10011.569758
337.243856,76.570323,114.855485,9820.143950
337.246361,76.570323,172.283227,9801.001370
337.248867,95.712904,172.283227,9934.999435
337.251373,19.142581,153.140646,9896.714274
337.253878,57.427742,191.425808,9954.142016
337.256384,114.855485,114.855485,9858.429112
337.258889,114.855485,210.568389,9801.001370
337.261407,114.855485,114.855485,9762.716208
337.263925,57.427742,95.712904,9858.429112
337.266443,57.427742,172.283227,9954.142016
337.268961,19.142581,153.140646,9839.286531
337.271479,76.570323,172.283227,9858.429112
337.273997,95.712904,172.283227,9839.286531
337.276514,95.712904,172.283227,9839.286531
337.279032,114.855485,76.570323,9896.714274
337.281550,57.427742,95.712904,9801.001370
337.284068,76.570323,153.140646,9839.286531
337.286586,76.570323,172.283227,9820.143950
337.289104,95.712904,229.710970,9762.716208
337.291622,191.425808,191.425808,9820.143950
337.294139,114.855485,114.855485,9762.716208
337.296657,57.427742,95.712904,9896.714274
337.299175,114.855485,76.570323,9915.856854
337.301693,95.712904,191.425808,9762.716208
337.304211,76.570323,172.283227,9839.286531
337.306729,19.142581,172.283227,9820.143950
337.309247,76.570323,38.285162,9915.856854
